{"ram": 0.15336243200000005, "lists": [{"name": "lee2021", "mode": 3, "disk_load": 260.689, "warmup": 993.9300000000001}, {"name": "lee2021", "mode": 7, "disk_load": 444.355, "warmup": 1832.21}, {"name": "lee2021", "mode": 10, "disk_load": 559.472, "warmup": 2219.36}]}